{"metrics": {"mae": 0.7136577645907861, "mse": 0.9899452671057836, "rmse": 0.9949599324122472, "r2": 0.9154016368951126}, "data": [{"name": "Actual Price", "data": [[1705896000000, 2.0], [1705899600000, 2.605], [1705903200000, 3.32], [1705906800000, 3.308], [1705910400000, 3.287], [1705914000000, 3.169], [1705917600000, 3.087], [1705921200000, 3.6], [1705924800000, 2.929], [1705928400000, 2.858], [1705932000000, 3.032], [1705935600000, 3.162], [1705939200000, 3.285], [1705942800000, 3.244], [1705946400000, 3.175], [1705950000000, 3.141], [1705953600000, 2.884], [1705957200000, 2.607], [1705960800000, 2.303], [1705964400000, 1.584], [1705968000000, 0.986], [1705971600000, 0.914], [1705975200000, 0.417], [1705978800000, 1.022], [1705982400000, 2.163], [1705986000000, 2.573], [1705989600000, 2.939], [1705993200000, 3.362], [1705996800000, 3.082], [1706000400000, 2.992], [1706004000000, 2.767], [1706007600000, 2.658], [1706011200000, 2.676], [1706014800000, 2.673], [1706018400000, 2.9], [1706022000000, 6.495], [1706025600000, 6.846], [1706029200000, 6.678], [1706032800000, 6.334], [1706036400000, 6.046], [1706040000000, 5.245], [1706043600000, 4.082], [1706047200000, 3.326], [1706050800000, 4.202], [1706054400000, 3.976], [1706058000000, 5.001], [1706061600000, 4.892], [1706065200000, 5.56], [1706068800000, 8.005], [1706072400000, 9.238], [1706076000000, 9.427], [1706079600000, 9.223], [1706083200000, 9.426], [1706086800000, 9.304], [1706090400000, 9.273], [1706094000000, 9.424], [1706097600000, 9.211], [1706101200000, 8.139], [1706104800000, 8.874], [1706108400000, 9.247], [1706112000000, 9.171], [1706115600000, 8.693], [1706119200000, 7.984], [1706122800000, 6.499], [1706126400000, 6.346], [1706130000000, 4.484], [1706133600000, 3.853], [1706137200000, 4.384], [1706140800000, 4.397], [1706144400000, 4.276], [1706148000000, 4.385], [1706151600000, 4.511], [1706155200000, 5.101], [1706158800000, 7.434], [1706162400000, 7.528], [1706166000000, 8.902], [1706169600000, 8.525], [1706173200000, 8.369], [1706176800000, 7.866], [1706180400000, 8.545], [1706184000000, 8.278], [1706187600000, 8.566], [1706191200000, 9.207], [1706194800000, 10.138], [1706198400000, 12.235], [1706202000000, 11.43], [1706205600000, 9.879], [1706209200000, 9.107], [1706212800000, 8.811], [1706216400000, 8.002], [1706220000000, 7.516], [1706223600000, 7.999], [1706227200000, 7.929], [1706230800000, 7.904], [1706234400000, 7.998], [1706238000000, 9.437], [1706241600000, 11.594], [1706245200000, 13.466], [1706248800000, 14.588], [1706252400000, 14.151], [1706256000000, 13.584], [1706259600000, 11.4], [1706263200000, 12.36], [1706266800000, 12.093], [1706270400000, 5.269], [1706274000000, 4.928], [1706277600000, 4.891], [1706281200000, 5.148], [1706284800000, 5.737], [1706288400000, 5.419], [1706292000000, 3.351], [1706295600000, 2.758], [1706299200000, 2.576], [1706302800000, 2.439], [1706306400000, 2.198], [1706310000000, 1.932], [1706313600000, 1.826], [1706317200000, 1.763], [1706320800000, 1.802], [1706324400000, 1.849], [1706328000000, 1.884], [1706331600000, 1.941], [1706335200000, 2.071], [1706338800000, 2.1], [1706342400000, 2.103], [1706346000000, 2.113], [1706349600000, 2.102], [1706353200000, 2.053], [1706356800000, 2.008], [1706360400000, 2.003], [1706364000000, 2.017], [1706367600000, 2.033], [1706371200000, 2.067], [1706374800000, 2.041], [1706378400000, 1.862], [1706382000000, 1.513], [1706385600000, 1.014], [1706389200000, 0.348], [1706392800000, 0.276], [1706396400000, 0.001], [1706400000000, 0.262], [1706403600000, 0.348], [1706407200000, 1.148], [1706410800000, 1.505], [1706414400000, 1.634], [1706418000000, 1.822], [1706421600000, 1.876], [1706425200000, 1.855], [1706428800000, 1.866], [1706432400000, 1.864], [1706436000000, 1.873], [1706439600000, 1.849], [1706443200000, 1.805], [1706446800000, 1.691], [1706450400000, 1.791], [1706454000000, 1.842], [1706457600000, 1.826], [1706461200000, 1.816], [1706464800000, 1.001], [1706468400000, 0.001], [1706472000000, 0.001], [1706475600000, -0.001], [1706479200000, -0.031], [1706482800000, -0.042], [1706486400000, -0.172], [1706490000000, -0.178], [1706493600000, -0.177], [1706497200000, -0.141], [1706500800000, -0.011], [1706504400000, 0.591], [1706508000000, 1.917], [1706511600000, 2.056], [1706515200000, 2.175], [1706518800000, 2.134], [1706522400000, 2.108], [1706526000000, 2.003], [1706529600000, 1.986], [1706533200000, 1.952], [1706536800000, 1.952], [1706540400000, 1.962], [1706544000000, 1.987], [1706547600000, 1.959], [1706551200000, 1.967], [1706554800000, 1.246], [1706558400000, 1.776], [1706562000000, 1.5], [1706565600000, 0.063], [1706569200000, 0.001], [1706572800000, 0.0], [1706576400000, 0.0], [1706580000000, 0.001], [1706583600000, 1.65], [1706587200000, 2.022], [1706590800000, 2.207], [1706594400000, 2.342], [1706598000000, 2.41], [1706601600000, 2.422], [1706605200000, 2.411], [1706608800000, 2.436], [1706612400000, 2.437], [1706616000000, 2.445], [1706619600000, 2.422], [1706623200000, 2.429], [1706626800000, 2.433], [1706630400000, 2.398], [1706634000000, 2.369], [1706637600000, 2.31], [1706641200000, 2.247], [1706644800000, 2.29], [1706648400000, 2.256], [1708286400000, 5.349], [1708290000000, 5.547], [1708293600000, 5.418], [1708297200000, 5.325], [1708300800000, 5.265000000000001], [1708304400000, 5.482], [1708308000000, 5.445], [1708311600000, 5.57], [1708315200000, 6.3950000000000005], [1708318800000, 8.059], [1708322400000, 9.807], [1708326000000, 10.395999999999999], [1708329600000, 9.304], [1708333200000, 9.769], [1708336800000, 9.986], [1708340400000, 9.02], [1708344000000, 8.479000000000001], [1708347600000, 7.983], [1708351200000, 8.258000000000001], [1708354800000, 8.654], [1708358400000, 9.295], [1708362000000, 11.756], [1708365600000, 9.629999999999999], [1708369200000, 7.534000000000001], [1708372800000, 6.963], [1708376400000, 6.63], [1708380000000, 6.535], [1708383600000, 5.824], [1708387200000, 5.574], [1708390800000, 5.337], [1708394400000, 5.241], [1708398000000, 5.361], [1708401600000, 6.491], [1708405200000, 7.431], [1708408800000, 10.622], [1708412400000, 11.0], [1708416000000, 9.645], [1708419600000, 9.947000000000001], [1708423200000, 11.533], [1708426800000, 11.176], [1708430400000, 10.298], [1708434000000, 9.966999999999999], [1708437600000, 9.305], [1708441200000, 11.295], [1708444800000, 11.541], [1708448400000, 11.440999999999999], [1708452000000, 8.681], [1708455600000, 6.819999999999999], [1708459200000, 6.6530000000000005], [1708462800000, 5.196], [1708466400000, 4.465], [1708470000000, 4.634], [1708473600000, 4.562], [1708477200000, 4.566], [1708480800000, 4.566], [1708484400000, 4.7059999999999995], [1708488000000, 4.838], [1708491600000, 5.3], [1708495200000, 6.619999999999999], [1708498800000, 6.857], [1708502400000, 6.966], [1708506000000, 6.889000000000001], [1708509600000, 6.8629999999999995], [1708513200000, 6.4159999999999995], [1708516800000, 6.199000000000001], [1708520400000, 6.401], [1708524000000, 6.279], [1708527600000, 6.550000000000001], [1708531200000, 6.912], [1708534800000, 6.801], [1708538400000, 6.532], [1708542000000, 5.708], [1708545600000, 5.101], [1708549200000, 4.882000000000001]]}, {"name": "Predicted Price",