{
  "n_estimators": 9214,
  "max_depth": 8,
  "learning_rate": 0.010885391547304205,
  "subsample": 0.5566534997074948,
  "colsample_bytree": 0.6367750070987758,
  "gamma": 2.5904499240686973e-05,
  "reg_alpha": 0.062310212114415404,
  "reg_lambda": 0.25974784942277634,
  "random_state": 42,
  "early_stopping_rounds": 200,
  "objective": "reg:squarederror",
  "eval_metric": "rmse"
}