{
    "max_depth": 6,
    "n_estimators": 9504,
    "learning_rate": 0.01947750028840404,
    "subsample": 0.501928078337343,
    "colsample_bytree": 0.7049959928625888,
    "gamma": 0.037206239719660555,
    "reg_alpha": 0.2875908668333263,
    "reg_lambda": 0.9459970106572207,
    "random_state": 42,
    "test_size": 0.1,
    "early_stopping_rounds": 50
}
